{"$type":"Chess.Scene.State.GameSceneLayout, Chess.Scene","Camera":{"$type":"RayTracer.Camera, RayTracer","Position":[203.20422328972811,312.05024952306951,-188.34082170788292],"ViewVector":[0.28338716071094683,-0.44935432909048523,0.84721449708549479],"UpVector":[0.1425429358516781,0.89335361807497016,0.42614648245778641],"RightVector":[0.948352902975982,0.0,-0.31721723064333629],"LookAt":[400.0,0.0,400.0],"OrbitDistance":694.44140029689765},"Light":{"$type":"RayTracer.LightSource, RayTracer","Position":[-300.0,300.0,-700.0],"Color":{"$type":"OpenTK.Graphics.Color4, OpenTK","R":1.0,"G":1.0,"B":1.0,"A":1.0},"AmbientColor":{"$type":"OpenTK.Graphics.Color4, OpenTK","R":0.1,"G":0.1,"B":0.1,"A":1.0}},"State":0,"StatedAt":null,"EndedAt":null,"Chessboard":{"$type":"Chess.Scene.Chessboard, Chess.Scene","Material":{"$type":"CSG.Materials.Checker, CSG","PhongInfo1":{"$type":"CSG.Materials.PhongInfo, CSG","Diffuse":{"$type":"OpenTK.Graphics.Color4, OpenTK","R":1.0,"G":1.0,"B":1.0,"A":1.0},"Specular":{"$type":"OpenTK.Graphics.Color4, OpenTK","R":1.0,"G":1.0,"B":1.0,"A":1.0},"Ambient":{"$type":"OpenTK.Graphics.Color4, OpenTK","R":1.0,"G":1.0,"B":1.0,"A":1.0},"Shininess":100.0,"Reflectance":0.5},"PhongInfo2":{"$type":"CSG.Materials.PhongInfo, CSG","Diffuse":{"$type":"OpenTK.Graphics.Color4, OpenTK","R":0.0,"G":0.0,"B":0.0,"A":1.0},"Specular":{"$type":"OpenTK.Graphics.Color4, OpenTK","R":1.0,"G":1.0,"B":1.0,"A":1.0},"Ambient":{"$type":"OpenTK.Graphics.Color4, OpenTK","R":0.0,"G":0.0,"B":0.0,"A":1.0},"Shininess":100.0,"Reflectance":0.5},"Width":100,"Height":100}},"Player1":{"$type":"Chess.Scene.Player, Chess.Scene","Color":{"$type":"OpenTK.Graphics.Color4, OpenTK","R":1.0,"G":1.0,"B":1.0,"A":1.0},"Name":"Player1","Figures":[{"$type":"Chess.Scene.Figure, Chess.Scene","Position":{"$type":"Chess.Scene.ChessboardPosition, Chess.Scene","X":0,"Y":1},"Type":6,"Material":{"$type":"CSG.Materials.ConstMaterial, CSG","PhongInfo":{"$type":"CSG.Materials.PhongInfo, CSG","Diffuse":{"$type":"OpenTK.Graphics.Color4, OpenTK","R":1.0,"G":1.0,"B":1.0,"A":1.0},"Specular":{"$type":"OpenTK.Graphics.Color4, OpenTK","R":1.0,"G":1.0,"B":1.0,"A":1.0},"Ambient":{"$type":"OpenTK.Graphics.Color4, OpenTK","R":1.0,"G":1.0,"B":1.0,"A":1.0},"Shininess":6.0,"Reflectance":0.1}}},{"$type":"Chess.Scene.Figure, Chess.Scene","Position":{"$type":"Chess.Scene.ChessboardPosition, Chess.Scene","X":2,"Y":2},"Type":6,"Material":{"$type":"CSG.Materials.ConstMaterial, CSG","PhongInfo":{"$type":"CSG.Materials.PhongInfo, CSG","Diffuse":{"$type":"OpenTK.Graphics.Color4, OpenTK","R":1.0,"G":1.0,"B":1.0,"A":1.0},"Specular":{"$type":"OpenTK.Graphics.Color4, OpenTK","R":1.0,"G":1.0,"B":1.0,"A":1.0},"Ambient":{"$type":"OpenTK.Graphics.Color4, OpenTK","R":1.0,"G":1.0,"B":1.0,"A":1.0},"Shininess":6.0,"Reflectance":0.1}}},{"$type":"Chess.Scene.Figure, Chess.Scene","Position":{"$type":"Chess.Scene.ChessboardPosition, Chess.Scene","X":5,"Y":1},"Type":6,"Material":{"$type":"CSG.Materials.ConstMaterial, CSG","PhongInfo":{"$type":"CSG.Materials.PhongInfo, CSG","Diffuse":{"$type":"OpenTK.Graphics.Color4, OpenTK","R":1.0,"G":1.0,"B":1.0,"A":1.0},"Specular":{"$type":"OpenTK.Graphics.Color4, OpenTK","R":1.0,"G":1.0,"B":1.0,"A":1.0},"Ambient":{"$type":"OpenTK.Graphics.Color4, OpenTK","R":1.0,"G":1.0,"B":1.0,"A":1.0},"Shininess":6.0,"Reflectance":0.1}}},{"$type":"Chess.Scene.Figure, Chess.Scene","Position":{"$type":"Chess.Scene.ChessboardPosition, Chess.Scene","X":6,"Y":1},"Type":6,"Material":{"$type":"CSG.Materials.ConstMaterial, CSG","PhongInfo":{"$type":"CSG.Materials.PhongInfo, CSG","Diffuse":{"$type":"OpenTK.Graphics.Color4, OpenTK","R":1.0,"G":1.0,"B":1.0,"A":1.0},"Specular":{"$type":"OpenTK.Graphics.Color4, OpenTK","R":1.0,"G":1.0,"B":1.0,"A":1.0},"Ambient":{"$type":"OpenTK.Graphics.Color4, OpenTK","R":1.0,"G":1.0,"B":1.0,"A":1.0},"Shininess":6.0,"Reflectance":0.1}}},{"$type":"Chess.Scene.Figure, Chess.Scene","Position":{"$type":"Chess.Scene.ChessboardPosition, Chess.Scene","X":7,"Y":1},"Type":6,"Material":{"$type":"CSG.Materials.ConstMaterial, CSG","PhongInfo":{"$type":"CSG.Materials.PhongInfo, CSG","Diffuse":{"$type":"OpenTK.Graphics.Color4, OpenTK","R":1.0,"G":1.0,"B":1.0,"A":1.0},"Specular":{"$type":"OpenTK.Graphics.Color4, OpenTK","R":1.0,"G":1.0,"B":1.0,"A":1.0},"Ambient":{"$type":"OpenTK.Graphics.Color4, OpenTK","R":1.0,"G":1.0,"B":1.0,"A":1.0},"Shininess":6.0,"Reflectance":0.1}}},{"$type":"Chess.Scene.Figure, Chess.Scene","Position":{"$type":"Chess.Scene.ChessboardPosition, Chess.Scene","X":5,"Y":5},"Type":6,"Material":{"$type":"CSG.Materials.ConstMaterial, CSG","PhongInfo":{"$type":"CSG.Materials.PhongInfo, CSG","Diffuse":{"$type":"OpenTK.Graphics.Color4, OpenTK","R":1.0,"G":1.0,"B":1.0,"A":1.0},"Specular":{"$type":"OpenTK.Graphics.Color4, OpenTK","R":1.0,"G":1.0,"B":1.0,"A":1.0},"Ambient":{"$type":"OpenTK.Graphics.Color4, OpenTK","R":1.0,"G":1.0,"B":1.0,"A":1.0},"Shininess":6.0,"Reflectance":0.1}}},{"$type":"Chess.Scene.Figure, Chess.Scene","Position":{"$type":"Chess.Scene.ChessboardPosition, Chess.Scene","X":4,"Y":6},"Type":3,"Material":{"$type":"CSG.Materials.ConstMaterial, CSG","PhongInfo":{"$type":"CSG.Materials.PhongInfo, CSG","Diffuse":{"$type":"OpenTK.Graphics.Color4, OpenTK","R":1.0,"G":1.0,"B":1.0,"A":1.0},"Specular":{"$type":"OpenTK.Graphics.Color4, OpenTK","R":1.0,"G":1.0,"B":1.0,"A":1.0},"Ambient":{"$type":"OpenTK.Graphics.Color4, OpenTK","R":1.0,"G":1.0,"B":1.0,"A":1.0},"Shininess":6.0,"Reflectance":0.1}}},{"$type":"Chess.Scene.Figure, Chess.Scene","Position":{"$type":"Chess.Scene.ChessboardPosition, Chess.Scene","X":3,"Y":6},"Type":3,"Material":{"$type":"CSG.Materials.ConstMaterial, CSG","PhongInfo":{"$type":"CSG.Materials.PhongInfo, CSG","Diffuse":{"$type":"OpenTK.Graphics.Color4, OpenTK","R":1.0,"G":1.0,"B":1.0,"A":1.0},"Specular":{"$type":"OpenTK.Graphics.Color4, OpenTK","R":1.0,"G":1.0,"B":1.0,"A":1.0},"Ambient":{"$type":"OpenTK.Graphics.Color4, OpenTK","R":1.0,"G":1.0,"B":1.0,"A":1.0},"Shininess":6.0,"Reflectance":0.1}}},{"$type":"Chess.Scene.Figure, Chess.Scene","Position":{"$type":"Chess.Scene.ChessboardPosition, Chess.Scene","X":3,"Y":0},"Type":2,"Material":{"$type":"CSG.Materials.ConstMaterial, CSG","PhongInfo":{"$type":"CSG.Materials.PhongInfo, CSG","Diffuse":{"$type":"OpenTK.Graphics.Color4, OpenTK","R":1.0,"G":1.0,"B":1.0,"A":1.0},"Specular":{"$type":"OpenTK.Graphics.Color4, OpenTK","R":1.0,"G":1.0,"B":1.0,"A":1.0},"Ambient":{"$type":"OpenTK.Graphics.Color4, OpenTK","R":1.0,"G":1.0,"B":1.0,"A":1.0},"Shininess":6.0,"Reflectance":0.1}}},{"$type":"Chess.Scene.Figure, Chess.Scene","Position":{"$type":"Chess.Scene.ChessboardPosition, Chess.Scene","X":6,"Y":0},"Type":1,"Material":{"$type":"CSG.Materials.ConstMaterial, CSG","PhongInfo":{"$type":"CSG.Materials.PhongInfo, CSG","Diffuse":{"$type":"OpenTK.Graphics.Color4, OpenTK","R":1.0,"G":1.0,"B":1.0,"A":1.0},"Specular":{"$type":"OpenTK.Graphics.Color4, OpenTK","R":1.0,"G":1.0,"B":1.0,"A":1.0},"Ambient":{"$type":"OpenTK.Graphics.Color4, OpenTK","R":1.0,"G":1.0,"B":1.0,"A":1.0},"Shininess":6.0,"Reflectance":0.1}}}]},"Player2":{"$type":"Chess.Scene.Player, Chess.Scene","Color":{"$type":"OpenTK.Graphics.Color4, OpenTK","R":1.0,"G":0.0,"B":0.0,"A":1.0},"Name":"Player2","Figures":[{"$type":"Chess.Scene.Figure, Chess.Scene","Position":{"$type":"Chess.Scene.ChessboardPosition, Chess.Scene","X":0,"Y":6},"Type":6,"Material":{"$type":"CSG.Materials.ConstMaterial, CSG","PhongInfo":{"$type":"CSG.Materials.PhongInfo, CSG","Diffuse":{"$type":"OpenTK.Graphics.Color4, OpenTK","R":1.0,"G":0.0,"B":0.0,"A":1.0},"Specular":{"$type":"OpenTK.Graphics.Color4, OpenTK","R":1.0,"G":1.0,"B":1.0,"A":1.0},"Ambient":{"$type":"OpenTK.Graphics.Color4, OpenTK","R":1.0,"G":0.0,"B":0.0,"A":1.0},"Shininess":6.0,"Reflectance":0.1}}},{"$type":"Chess.Scene.Figure, Chess.Scene","Position":{"$type":"Chess.Scene.ChessboardPosition, Chess.Scene","X":2,"Y":6},"Type":6,"Material":{"$type":"CSG.Materials.ConstMaterial, CSG","PhongInfo":{"$type":"CSG.Materials.PhongInfo, CSG","Diffuse":{"$type":"OpenTK.Graphics.Color4, OpenTK","R":1.0,"G":0.0,"B":0.0,"A":1.0},"Specular":{"$type":"OpenTK.Graphics.Color4, OpenTK","R":1.0,"G":1.0,"B":1.0,"A":1.0},"Ambient":{"$type":"OpenTK.Graphics.Color4, OpenTK","R":1.0,"G":0.0,"B":0.0,"A":1.0},"Shininess":6.0,"Reflectance":0.1}}},{"$type":"Chess.Scene.Figure, Chess.Scene","Position":{"$type":"Chess.Scene.ChessboardPosition, Chess.Scene","X":5,"Y":6},"Type":6,"Material":{"$type":"CSG.Materials.ConstMaterial, CSG","PhongInfo":{"$type":"CSG.Materials.PhongInfo, CSG","Diffuse":{"$type":"OpenTK.Graphics.Color4, OpenTK","R":1.0,"G":0.0,"B":0.0,"A":1.0},"Specular":{"$type":"OpenTK.Graphics.Color4, OpenTK","R":1.0,"G":1.0,"B":1.0,"A":1.0},"Ambient":{"$type":"OpenTK.Graphics.Color4, OpenTK","R":1.0,"G":0.0,"B":0.0,"A":1.0},"Shininess":6.0,"Reflectance":0.1}}},{"$type":"Chess.Scene.Figure, Chess.Scene","Position":{"$type":"Chess.Scene.ChessboardPosition, Chess.Scene","X":7,"Y":6},"Type":6,"Material":{"$type":"CSG.Materials.ConstMaterial, CSG","PhongInfo":{"$type":"CSG.Materials.PhongInfo, CSG","Diffuse":{"$type":"OpenTK.Graphics.Color4, OpenTK","R":1.0,"G":0.0,"B":0.0,"A":1.0},"Specular":{"$type":"OpenTK.Graphics.Color4, OpenTK","R":1.0,"G":1.0,"B":1.0,"A":1.0},"Ambient":{"$type":"OpenTK.Graphics.Color4, OpenTK","R":1.0,"G":0.0,"B":0.0,"A":1.0},"Shininess":6.0,"Reflectance":0.1}}},{"$type":"Chess.Scene.Figure, Chess.Scene","Position":{"$type":"Chess.Scene.ChessboardPosition, Chess.Scene","X":1,"Y":6},"Type":3,"Material":{"$type":"CSG.Materials.ConstMaterial, CSG","PhongInfo":{"$type":"CSG.Materials.PhongInfo, CSG","Diffuse":{"$type":"OpenTK.Graphics.Color4, OpenTK","R":1.0,"G":0.0,"B":0.0,"A":1.0},"Specular":{"$type":"OpenTK.Graphics.Color4, OpenTK","R":1.0,"G":1.0,"B":1.0,"A":1.0},"Ambient":{"$type":"OpenTK.Graphics.Color4, OpenTK","R":1.0,"G":0.0,"B":0.0,"A":1.0},"Shininess":6.0,"Reflectance":0.1}}},{"$type":"Chess.Scene.Figure, Chess.Scene","Position":{"$type":"Chess.Scene.ChessboardPosition, Chess.Scene","X":1,"Y":5},"Type":3,"Material":{"$type":"CSG.Materials.ConstMaterial, CSG","PhongInfo":{"$type":"CSG.Materials.PhongInfo, CSG","Diffuse":{"$type":"OpenTK.Graphics.Color4, OpenTK","R":1.0,"G":0.0,"B":0.0,"A":1.0},"Specular":{"$type":"OpenTK.Graphics.Color4, OpenTK","R":1.0,"G":1.0,"B":1.0,"A":1.0},"Ambient":{"$type":"OpenTK.Graphics.Color4, OpenTK","R":1.0,"G":0.0,"B":0.0,"A":1.0},"Shininess":6.0,"Reflectance":0.1}}},{"$type":"Chess.Scene.Figure, Chess.Scene","Position":{"$type":"Chess.Scene.ChessboardPosition, Chess.Scene","X":1,"Y":7},"Type":2,"Material":{"$type":"CSG.Materials.ConstMaterial, CSG","PhongInfo":{"$type":"CSG.Materials.PhongInfo, CSG","Diffuse":{"$type":"OpenTK.Graphics.Color4, OpenTK","R":1.0,"G":0.0,"B":0.0,"A":1.0},"Specular":{"$type":"OpenTK.Graphics.Color4, OpenTK","R":1.0,"G":1.0,"B":1.0,"A":1.0},"Ambient":{"$type":"OpenTK.Graphics.Color4, OpenTK","R":1.0,"G":0.0,"B":0.0,"A":1.0},"Shininess":6.0,"Reflectance":0.1}}},{"$type":"Chess.Scene.Figure, Chess.Scene","Position":{"$type":"Chess.Scene.ChessboardPosition, Chess.Scene","X":6,"Y":7},"Type":2,"Material":{"$type":"CSG.Materials.ConstMaterial, CSG","PhongInfo":{"$type":"CSG.Materials.PhongInfo, CSG","Diffuse":{"$type":"OpenTK.Graphics.Color4, OpenTK","R":1.0,"G":0.0,"B":0.0,"A":1.0},"Specular":{"$type":"OpenTK.Graphics.Color4, OpenTK","R":1.0,"G":1.0,"B":1.0,"A":1.0},"Ambient":{"$type":"OpenTK.Graphics.Color4, OpenTK","R":1.0,"G":0.0,"B":0.0,"A":1.0},"Shininess":6.0,"Reflectance":0.1}}},{"$type":"Chess.Scene.Figure, Chess.Scene","Position":{"$type":"Chess.Scene.ChessboardPosition, Chess.Scene","X":5,"Y":7},"Type":1,"Material":{"$type":"CSG.Materials.ConstMaterial, CSG","PhongInfo":{"$type":"CSG.Materials.PhongInfo, CSG","Diffuse":{"$type":"OpenTK.Graphics.Color4, OpenTK","R":1.0,"G":0.0,"B":0.0,"A":1.0},"Specular":{"$type":"OpenTK.Graphics.Color4, OpenTK","R":1.0,"G":1.0,"B":1.0,"A":1.0},"Ambient":{"$type":"OpenTK.Graphics.Color4, OpenTK","R":1.0,"G":0.0,"B":0.0,"A":1.0},"Shininess":6.0,"Reflectance":0.1}}},{"$type":"Chess.Scene.Figure, Chess.Scene","Position":{"$type":"Chess.Scene.ChessboardPosition, Chess.Scene","X":5,"Y":2},"Type":4,"Material":{"$type":"CSG.Materials.ConstMaterial, CSG","PhongInfo":{"$type":"CSG.Materials.PhongInfo, CSG","Diffuse":{"$type":"OpenTK.Graphics.Color4, OpenTK","R":1.0,"G":0.0,"B":0.0,"A":1.0},"Specular":{"$type":"OpenTK.Graphics.Color4, OpenTK","R":1.0,"G":1.0,"B":1.0,"A":1.0},"Ambient":{"$type":"OpenTK.Graphics.Color4, OpenTK","R":1.0,"G":0.0,"B":0.0,"A":1.0},"Shininess":6.0,"Reflectance":0.1}}}]}}