{"$type":"Chess.Scene.State.GameSceneLayout, Chess.Scene","Camera":{"$type":"RayTracer.Camera, RayTracer","Position":[1307.7003276211481,264.13470756913074,931.34369495809392],"ViewVector":[-0.83702109433726979,-0.24356752471532056,-0.4899699465666143],"UpVector":[-0.21020159965403182,0.96988394197659122,-0.12304644082148183],"RightVector":[-0.50518410024200622,0.0,0.86301160181232484],"LookAt":[400.0,0.0,400.0],"OrbitDistance":1084.4414002968947},"Light":{"$type":"RayTracer.LightSource, RayTracer","Position":[-155.0,780.0,-700.0],"Color":{"$type":"OpenTK.Graphics.Color4, OpenTK","R":1.0,"G":1.0,"B":1.0,"A":1.0},"AmbientColor":{"$type":"OpenTK.Graphics.Color4, OpenTK","R":0.1,"G":0.1,"B":0.1,"A":1.0}},"State":0,"StatedAt":null,"EndedAt":null,"Chessboard":{"$type":"Chess.Scene.Chessboard, Chess.Scene","Material":{"$type":"CSG.Materials.Checker, CSG","PhongInfo1":{"$type":"CSG.Materials.PhongInfo, CSG","Diffuse":{"$type":"OpenTK.Graphics.Color4, OpenTK","R":1.0,"G":1.0,"B":1.0,"A":1.0},"Specular":{"$type":"OpenTK.Graphics.Color4, OpenTK","R":1.0,"G":1.0,"B":1.0,"A":1.0},"Ambient":{"$type":"OpenTK.Graphics.Color4, OpenTK","R":1.0,"G":1.0,"B":1.0,"A":1.0},"Shininess":100.0,"Reflectance":0.5},"PhongInfo2":{"$type":"CSG.Materials.PhongInfo, CSG","Diffuse":{"$type":"OpenTK.Graphics.Color4, OpenTK","R":0.0,"G":0.0,"B":0.0,"A":1.0},"Specular":{"$type":"OpenTK.Graphics.Color4, OpenTK","R":1.0,"G":1.0,"B":1.0,"A":1.0},"Ambient":{"$type":"OpenTK.Graphics.Color4, OpenTK","R":0.0,"G":0.0,"B":0.0,"A":1.0},"Shininess":100.0,"Reflectance":0.5},"Width":100,"Height":100}},"Player1":{"$type":"Chess.Scene.Player, Chess.Scene","Color":{"$type":"OpenTK.Graphics.Color4, OpenTK","R":1.0,"G":1.0,"B":1.0,"A":1.0},"Name":"Player1","Figures":[{"$type":"Chess.Scene.Figure, Chess.Scene","Position":{"$type":"Chess.Scene.ChessboardPosition, Chess.Scene","X":0,"Y":2},"Type":6,"Material":{"$type":"CSG.Materials.ConstMaterial, CSG","PhongInfo":{"$type":"CSG.Materials.PhongInfo, CSG","Diffuse":{"$type":"OpenTK.Graphics.Color4, OpenTK","R":1.0,"G":1.0,"B":1.0,"A":1.0},"Specular":{"$type":"OpenTK.Graphics.Color4, OpenTK","R":1.0,"G":1.0,"B":1.0,"A":1.0},"Ambient":{"$type":"OpenTK.Graphics.Color4, OpenTK","R":1.0,"G":1.0,"B":1.0,"A":1.0},"Shininess":6.0,"Reflectance":0.1}}},{"$type":"Chess.Scene.Figure, Chess.Scene","Position":{"$type":"Chess.Scene.ChessboardPosition, Chess.Scene","X":1,"Y":3},"Type":6,"Material":{"$type":"CSG.Materials.ConstMaterial, CSG","PhongInfo":{"$type":"CSG.Materials.PhongInfo, CSG","Diffuse":{"$type":"OpenTK.Graphics.Color4, OpenTK","R":1.0,"G":1.0,"B":1.0,"A":1.0},"Specular":{"$type":"OpenTK.Graphics.Color4, OpenTK","R":1.0,"G":1.0,"B":1.0,"A":1.0},"Ambient":{"$type":"OpenTK.Graphics.Color4, OpenTK","R":1.0,"G":1.0,"B":1.0,"A":1.0},"Shininess":6.0,"Reflectance":0.1}}},{"$type":"Chess.Scene.Figure, Chess.Scene","Position":{"$type":"Chess.Scene.ChessboardPosition, Chess.Scene","X":7,"Y":1},"Type":6,"Material":{"$type":"CSG.Materials.ConstMaterial, CSG","PhongInfo":{"$type":"CSG.Materials.PhongInfo, CSG","Diffuse":{"$type":"OpenTK.Graphics.Color4, OpenTK","R":1.0,"G":1.0,"B":1.0,"A":1.0},"Specular":{"$type":"OpenTK.Graphics.Color4, OpenTK","R":1.0,"G":1.0,"B":1.0,"A":1.0},"Ambient":{"$type":"OpenTK.Graphics.Color4, OpenTK","R":1.0,"G":1.0,"B":1.0,"A":1.0},"Shininess":6.0,"Reflectance":0.1}}},{"$type":"Chess.Scene.Figure, Chess.Scene","Position":{"$type":"Chess.Scene.ChessboardPosition, Chess.Scene","X":7,"Y":3},"Type":6,"Material":{"$type":"CSG.Materials.ConstMaterial, CSG","PhongInfo":{"$type":"CSG.Materials.PhongInfo, CSG","Diffuse":{"$type":"OpenTK.Graphics.Color4, OpenTK","R":1.0,"G":1.0,"B":1.0,"A":1.0},"Specular":{"$type":"OpenTK.Graphics.Color4, OpenTK","R":1.0,"G":1.0,"B":1.0,"A":1.0},"Ambient":{"$type":"OpenTK.Graphics.Color4, OpenTK","R":1.0,"G":1.0,"B":1.0,"A":1.0},"Shininess":6.0,"Reflectance":0.1}}},{"$type":"Chess.Scene.Figure, Chess.Scene","Position":{"$type":"Chess.Scene.ChessboardPosition, Chess.Scene","X":5,"Y":3},"Type":6,"Material":{"$type":"CSG.Materials.ConstMaterial, CSG","PhongInfo":{"$type":"CSG.Materials.PhongInfo, CSG","Diffuse":{"$type":"OpenTK.Graphics.Color4, OpenTK","R":1.0,"G":1.0,"B":1.0,"A":1.0},"Specular":{"$type":"OpenTK.Graphics.Color4, OpenTK","R":1.0,"G":1.0,"B":1.0,"A":1.0},"Ambient":{"$type":"OpenTK.Graphics.Color4, OpenTK","R":1.0,"G":1.0,"B":1.0,"A":1.0},"Shininess":6.0,"Reflectance":0.1}}},{"$type":"Chess.Scene.Figure, Chess.Scene","Position":{"$type":"Chess.Scene.ChessboardPosition, Chess.Scene","X":4,"Y":4},"Type":6,"Material":{"$type":"CSG.Materials.ConstMaterial, CSG","PhongInfo":{"$type":"CSG.Materials.PhongInfo, CSG","Diffuse":{"$type":"OpenTK.Graphics.Color4, OpenTK","R":1.0,"G":1.0,"B":1.0,"A":1.0},"Specular":{"$type":"OpenTK.Graphics.Color4, OpenTK","R":1.0,"G":1.0,"B":1.0,"A":1.0},"Ambient":{"$type":"OpenTK.Graphics.Color4, OpenTK","R":1.0,"G":1.0,"B":1.0,"A":1.0},"Shininess":6.0,"Reflectance":0.1}}},{"$type":"Chess.Scene.Figure, Chess.Scene","Position":{"$type":"Chess.Scene.ChessboardPosition, Chess.Scene","X":0,"Y":0},"Type":2,"Material":{"$type":"CSG.Materials.ConstMaterial, CSG","PhongInfo":{"$type":"CSG.Materials.PhongInfo, CSG","Diffuse":{"$type":"OpenTK.Graphics.Color4, OpenTK","R":1.0,"G":1.0,"B":1.0,"A":1.0},"Specular":{"$type":"OpenTK.Graphics.Color4, OpenTK","R":1.0,"G":1.0,"B":1.0,"A":1.0},"Ambient":{"$type":"OpenTK.Graphics.Color4, OpenTK","R":1.0,"G":1.0,"B":1.0,"A":1.0},"Shininess":6.0,"Reflectance":0.1}}},{"$type":"Chess.Scene.Figure, Chess.Scene","Position":{"$type":"Chess.Scene.ChessboardPosition, Chess.Scene","X":5,"Y":0},"Type":2,"Material":{"$type":"CSG.Materials.ConstMaterial, CSG","PhongInfo":{"$type":"CSG.Materials.PhongInfo, CSG","Diffuse":{"$type":"OpenTK.Graphics.Color4, OpenTK","R":1.0,"G":1.0,"B":1.0,"A":1.0},"Specular":{"$type":"OpenTK.Graphics.Color4, OpenTK","R":1.0,"G":1.0,"B":1.0,"A":1.0},"Ambient":{"$type":"OpenTK.Graphics.Color4, OpenTK","R":1.0,"G":1.0,"B":1.0,"A":1.0},"Shininess":6.0,"Reflectance":0.1}}},{"$type":"Chess.Scene.Figure, Chess.Scene","Position":{"$type":"Chess.Scene.ChessboardPosition, Chess.Scene","X":1,"Y":1},"Type":3,"Material":{"$type":"CSG.Materials.ConstMaterial, CSG","PhongInfo":{"$type":"CSG.Materials.PhongInfo, CSG","Diffuse":{"$type":"OpenTK.Graphics.Color4, OpenTK","R":1.0,"G":1.0,"B":1.0,"A":1.0},"Specular":{"$type":"OpenTK.Graphics.Color4, OpenTK","R":1.0,"G":1.0,"B":1.0,"A":1.0},"Ambient":{"$type":"OpenTK.Graphics.Color4, OpenTK","R":1.0,"G":1.0,"B":1.0,"A":1.0},"Shininess":6.0,"Reflectance":0.1}}},{"$type":"Chess.Scene.Figure, Chess.Scene","Position":{"$type":"Chess.Scene.ChessboardPosition, Chess.Scene","X":7,"Y":0},"Type":1,"Material":{"$type":"CSG.Materials.ConstMaterial, CSG","PhongInfo":{"$type":"CSG.Materials.PhongInfo, CSG","Diffuse":{"$type":"OpenTK.Graphics.Color4, OpenTK","R":1.0,"G":1.0,"B":1.0,"A":1.0},"Specular":{"$type":"OpenTK.Graphics.Color4, OpenTK","R":1.0,"G":1.0,"B":1.0,"A":1.0},"Ambient":{"$type":"OpenTK.Graphics.Color4, OpenTK","R":1.0,"G":1.0,"B":1.0,"A":1.0},"Shininess":6.0,"Reflectance":0.1}}},{"$type":"Chess.Scene.Figure, Chess.Scene","Position":{"$type":"Chess.Scene.ChessboardPosition, Chess.Scene","X":6,"Y":1},"Type":4,"Material":{"$type":"CSG.Materials.ConstMaterial, CSG","PhongInfo":{"$type":"CSG.Materials.PhongInfo, CSG","Diffuse":{"$type":"OpenTK.Graphics.Color4, OpenTK","R":1.0,"G":1.0,"B":1.0,"A":1.0},"Specular":{"$type":"OpenTK.Graphics.Color4, OpenTK","R":1.0,"G":1.0,"B":1.0,"A":1.0},"Ambient":{"$type":"OpenTK.Graphics.Color4, OpenTK","R":1.0,"G":1.0,"B":1.0,"A":1.0},"Shininess":6.0,"Reflectance":0.1}}}]},"Player2":{"$type":"Chess.Scene.Player, Chess.Scene","Color":{"$type":"OpenTK.Graphics.Color4, OpenTK","R":1.0,"G":0.0,"B":0.0,"A":1.0},"Name":"Player2","Figures":[{"$type":"Chess.Scene.Figure, Chess.Scene","Position":{"$type":"Chess.Scene.ChessboardPosition, Chess.Scene","X":0,"Y":5},"Type":6,"Material":{"$type":"CSG.Materials.ConstMaterial, CSG","PhongInfo":{"$type":"CSG.Materials.PhongInfo, CSG","Diffuse":{"$type":"OpenTK.Graphics.Color4, OpenTK","R":1.0,"G":0.0,"B":0.0,"A":1.0},"Specular":{"$type":"OpenTK.Graphics.Color4, OpenTK","R":1.0,"G":1.0,"B":1.0,"A":1.0},"Ambient":{"$type":"OpenTK.Graphics.Color4, OpenTK","R":1.0,"G":0.0,"B":0.0,"A":1.0},"Shininess":6.0,"Reflectance":0.1}}},{"$type":"Chess.Scene.Figure, Chess.Scene","Position":{"$type":"Chess.Scene.ChessboardPosition, Chess.Scene","X":1,"Y":4},"Type":6,"Material":{"$type":"CSG.Materials.ConstMaterial, CSG","PhongInfo":{"$type":"CSG.Materials.PhongInfo, CSG","Diffuse":{"$type":"OpenTK.Graphics.Color4, OpenTK","R":1.0,"G":0.0,"B":0.0,"A":1.0},"Specular":{"$type":"OpenTK.Graphics.Color4, OpenTK","R":1.0,"G":1.0,"B":1.0,"A":1.0},"Ambient":{"$type":"OpenTK.Graphics.Color4, OpenTK","R":1.0,"G":0.0,"B":0.0,"A":1.0},"Shininess":6.0,"Reflectance":0.1}}},{"$type":"Chess.Scene.Figure, Chess.Scene","Position":{"$type":"Chess.Scene.ChessboardPosition, Chess.Scene","X":4,"Y":5},"Type":6,"Material":{"$type":"CSG.Materials.ConstMaterial, CSG","PhongInfo":{"$type":"CSG.Materials.PhongInfo, CSG","Diffuse":{"$type":"OpenTK.Graphics.Color4, OpenTK","R":1.0,"G":0.0,"B":0.0,"A":1.0},"Specular":{"$type":"OpenTK.Graphics.Color4, OpenTK","R":1.0,"G":1.0,"B":1.0,"A":1.0},"Ambient":{"$type":"OpenTK.Graphics.Color4, OpenTK","R":1.0,"G":0.0,"B":0.0,"A":1.0},"Shininess":6.0,"Reflectance":0.1}}},{"$type":"Chess.Scene.Figure, Chess.Scene","Position":{"$type":"Chess.Scene.ChessboardPosition, Chess.Scene","X":5,"Y":6},"Type":6,"Material":{"$type":"CSG.Materials.ConstMaterial, CSG","PhongInfo":{"$type":"CSG.Materials.PhongInfo, CSG","Diffuse":{"$type":"OpenTK.Graphics.Color4, OpenTK","R":1.0,"G":0.0,"B":0.0,"A":1.0},"Specular":{"$type":"OpenTK.Graphics.Color4, OpenTK","R":1.0,"G":1.0,"B":1.0,"A":1.0},"Ambient":{"$type":"OpenTK.Graphics.Color4, OpenTK","R":1.0,"G":0.0,"B":0.0,"A":1.0},"Shininess":6.0,"Reflectance":0.1}}},{"$type":"Chess.Scene.Figure, Chess.Scene","Position":{"$type":"Chess.Scene.ChessboardPosition, Chess.Scene","X":6,"Y":6},"Type":6,"Material":{"$type":"CSG.Materials.ConstMaterial, CSG","PhongInfo":{"$type":"CSG.Materials.PhongInfo, CSG","Diffuse":{"$type":"OpenTK.Graphics.Color4, OpenTK","R":1.0,"G":0.0,"B":0.0,"A":1.0},"Specular":{"$type":"OpenTK.Graphics.Color4, OpenTK","R":1.0,"G":1.0,"B":1.0,"A":1.0},"Ambient":{"$type":"OpenTK.Graphics.Color4, OpenTK","R":1.0,"G":0.0,"B":0.0,"A":1.0},"Shininess":6.0,"Reflectance":0.1}}},{"$type":"Chess.Scene.Figure, Chess.Scene","Position":{"$type":"Chess.Scene.ChessboardPosition, Chess.Scene","X":7,"Y":6},"Type":6,"Material":{"$type":"CSG.Materials.ConstMaterial, CSG","PhongInfo":{"$type":"CSG.Materials.PhongInfo, CSG","Diffuse":{"$type":"OpenTK.Graphics.Color4, OpenTK","R":1.0,"G":0.0,"B":0.0,"A":1.0},"Specular":{"$type":"OpenTK.Graphics.Color4, OpenTK","R":1.0,"G":1.0,"B":1.0,"A":1.0},"Ambient":{"$type":"OpenTK.Graphics.Color4, OpenTK","R":1.0,"G":0.0,"B":0.0,"A":1.0},"Shininess":6.0,"Reflectance":0.1}}},{"$type":"Chess.Scene.Figure, Chess.Scene","Position":{"$type":"Chess.Scene.ChessboardPosition, Chess.Scene","X":6,"Y":7},"Type":1,"Material":{"$type":"CSG.Materials.ConstMaterial, CSG","PhongInfo":{"$type":"CSG.Materials.PhongInfo, CSG","Diffuse":{"$type":"OpenTK.Graphics.Color4, OpenTK","R":1.0,"G":0.0,"B":0.0,"A":1.0},"Specular":{"$type":"OpenTK.Graphics.Color4, OpenTK","R":1.0,"G":1.0,"B":1.0,"A":1.0},"Ambient":{"$type":"OpenTK.Graphics.Color4, OpenTK","R":1.0,"G":0.0,"B":0.0,"A":1.0},"Shininess":6.0,"Reflectance":0.1}}},{"$type":"Chess.Scene.Figure, Chess.Scene","Position":{"$type":"Chess.Scene.ChessboardPosition, Chess.Scene","X":1,"Y":5},"Type":3,"Material":{"$type":"CSG.Materials.ConstMaterial, CSG","PhongInfo":{"$type":"CSG.Materials.PhongInfo, CSG","Diffuse":{"$type":"OpenTK.Graphics.Color4, OpenTK","R":1.0,"G":0.0,"B":0.0,"A":1.0},"Specular":{"$type":"OpenTK.Graphics.Color4, OpenTK","R":1.0,"G":1.0,"B":1.0,"A":1.0},"Ambient":{"$type":"OpenTK.Graphics.Color4, OpenTK","R":1.0,"G":0.0,"B":0.0,"A":1.0},"Shininess":6.0,"Reflectance":0.1}}},{"$type":"Chess.Scene.Figure, Chess.Scene","Position":{"$type":"Chess.Scene.ChessboardPosition, Chess.Scene","X":4,"Y":3},"Type":3,"Material":{"$type":"CSG.Materials.ConstMaterial, CSG","PhongInfo":{"$type":"CSG.Materials.PhongInfo, CSG","Diffuse":{"$type":"OpenTK.Graphics.Color4, OpenTK","R":1.0,"G":0.0,"B":0.0,"A":1.0},"Specular":{"$type":"OpenTK.Graphics.Color4, OpenTK","R":1.0,"G":1.0,"B":1.0,"A":1.0},"Ambient":{"$type":"OpenTK.Graphics.Color4, OpenTK","R":1.0,"G":0.0,"B":0.0,"A":1.0},"Shininess":6.0,"Reflectance":0.1}}},{"$type":"Chess.Scene.Figure, Chess.Scene","Position":{"$type":"Chess.Scene.ChessboardPosition, Chess.Scene","X":6,"Y":3},"Type":5,"Material":{"$type":"CSG.Materials.ConstMaterial, CSG","PhongInfo":{"$type":"CSG.Materials.PhongInfo, CSG","Diffuse":{"$type":"OpenTK.Graphics.Color4, OpenTK","R":1.0,"G":0.0,"B":0.0,"A":1.0},"Specular":{"$type":"OpenTK.Graphics.Color4, OpenTK","R":1.0,"G":1.0,"B":1.0,"A":1.0},"Ambient":{"$type":"OpenTK.Graphics.Color4, OpenTK","R":1.0,"G":0.0,"B":0.0,"A":1.0},"Shininess":6.0,"Reflectance":0.1}}},{"$type":"Chess.Scene.Figure, Chess.Scene","Position":{"$type":"Chess.Scene.ChessboardPosition, Chess.Scene","X":7,"Y":2},"Type":2,"Material":{"$type":"CSG.Materials.ConstMaterial, CSG","PhongInfo":{"$type":"CSG.Materials.PhongInfo, CSG","Diffuse":{"$type":"OpenTK.Graphics.Color4, OpenTK","R":1.0,"G":0.0,"B":0.0,"A":1.0},"Specular":{"$type":"OpenTK.Graphics.Color4, OpenTK","R":1.0,"G":1.0,"B":1.0,"A":1.0},"Ambient":{"$type":"OpenTK.Graphics.Color4, OpenTK","R":1.0,"G":0.0,"B":0.0,"A":1.0},"Shininess":6.0,"Reflectance":0.1}}}]}}